{"DropData":[{"itemid":4,"itemcount":3,"Xpos":32,"Ypos":20.65},{"itemid":4,"itemcount":2,"Xpos":31,"Ypos":20.65},{"itemid":4,"itemcount":2,"Xpos":35,"Ypos":19.65},{"itemid":4,"itemcount":2,"Xpos":31,"Ypos":16.65},{"itemid":4,"itemcount":3,"Xpos":30,"Ypos":16.65},{"itemid":4,"itemcount":2,"Xpos":30,"Ypos":17.65},{"itemid":4,"itemcount":3,"Xpos":29,"Ypos":17.65},{"itemid":4,"itemcount":3,"Xpos":27,"Ypos":19.65},{"itemid":4,"itemcount":2,"Xpos":34,"Ypos":15.65},{"itemid":4,"itemcount":3,"Xpos":33,"Ypos":15.65},{"itemid":4,"itemcount":2,"Xpos":33,"Ypos":16.65},{"itemid":4,"itemcount":2,"Xpos":30,"Ypos":15.65}]}