{"DropData":[{"itemid":4,"itemcount":2,"Xpos":50,"Ypos":21.65},{"itemid":4,"itemcount":2,"Xpos":52,"Ypos":21.65},{"itemid":4,"itemcount":2,"Xpos":53,"Ypos":21.65},{"itemid":4,"itemcount":3,"Xpos":55,"Ypos":21.65},{"itemid":4,"itemcount":2,"Xpos":56,"Ypos":22.65},{"itemid":4,"itemcount":2,"Xpos":57,"Ypos":22.65},{"itemid":4,"itemcount":2,"Xpos":57,"Ypos":21.65},{"itemid":4,"itemcount":1,"Xpos":56,"Ypos":21.65},{"itemid":4,"itemcount":3,"Xpos":57,"Ypos":20.65},{"itemid":4,"itemcount":3,"Xpos":57,"Ypos":19.65},{"itemid":4,"itemcount":2,"Xpos":56,"Ypos":19.65},{"itemid":4,"itemcount":1,"Xpos":59,"Ypos":19.65},{"itemid":4,"itemcount":3,"Xpos":60,"Ypos":20.65},{"itemid":4,"itemcount":2,"Xpos":64,"Ypos":22.65},{"itemid":4,"itemcount":3,"Xpos":72,"Ypos":22.65},{"itemid":4,"itemcount":2,"Xpos":73,"Ypos":22.65},{"itemid":4,"itemcount":3,"Xpos":76,"Ypos":22.65},{"itemid":4,"itemcount":2,"Xpos":75,"Ypos":22.65},{"itemid":4,"itemcount":1,"Xpos":77,"Ypos":22.65},{"itemid":4,"itemcount":1,"Xpos":79,"Ypos":22.65}]}