{"DropData":[{"itemid":4,"itemcount":3,"Xpos":54,"Ypos":3.65},{"itemid":4,"itemcount":2,"Xpos":58,"Ypos":4.65},{"itemid":4,"itemcount":3,"Xpos":27,"Ypos":1.65},{"itemid":4,"itemcount":2,"Xpos":25,"Ypos":2.65},{"itemid":4,"itemcount":2,"Xpos":26,"Ypos":1.65},{"itemid":4,"itemcount":3,"Xpos":24,"Ypos":1.65},{"itemid":4,"itemcount":2,"Xpos":22,"Ypos":2.65},{"itemid":4,"itemcount":3,"Xpos":23,"Ypos":1.65},{"itemid":4,"itemcount":2,"Xpos":18,"Ypos":2.65},{"itemid":4,"itemcount":2,"Xpos":15,"Ypos":2.65},{"itemid":4,"itemcount":2,"Xpos":16,"Ypos":2.65},{"itemid":4,"itemcount":2,"Xpos":14,"Ypos":2.65},{"itemid":4,"itemcount":2,"Xpos":1,"Ypos":3.65}]}