{"username":"Javid","password":"e4hm9w45b89w4b89","email":"javidamedina@gmail.com","cash":0,"inventory":[{"id":2,"count":1},{"id":29,"count":1}],"r":255,"g":240,"b":167,"t":255,"shirt":-1,"pants":-1,"shoes":-1,"head":-1,"back":-1,"handitem":-1,"hat":-1,"Craftdata1":{"resultItem":0,"craftDate":"0001-01-01T00:00:00","recipeid":0},"BanExpireTime":"0001-01-01T00:00:00","MuteExpireTime":"0001-01-01T00:00:00","PlayerLogs":null,"BanReason":null,"MuteReason":null,"level":0,"Xp":0,"StaffLevel":0,"AdsLeftWatch":3,"ADRefresherTime":"2023-07-06T10:11:20.3167937+10:00","badge":0,"HardwareIDlog":null,"IPLog":null}