{"username":"kindness","password":"68786878","email":"jotakuji791@gmail.com","cash":86,"inventory":[{"id":2,"count":1},{"id":29,"count":1},{"id":4,"count":3}],"r":255,"g":240,"b":167,"t":255,"shirt":-1,"pants":-1,"shoes":-1,"head":-1,"back":-1,"handitem":-1,"hat":-1,"Craftdata1":{"resultItem":0,"craftDate":"0001-01-01T00:00:00","recipeid":0},"BanExpireTime":"0001-01-01T00:00:00","MuteExpireTime":"0001-01-01T00:00:00","PlayerLogs":null,"BanReason":null,"MuteReason":null,"level":0,"Xp":400,"StaffLevel":0,"AdsLeftWatch":3,"ADRefresherTime":"2023-07-06T11:02:35.4546639+10:00","badge":0,"HardwareIDlog":null,"IPLog":null}